"customer_state","total_orders","unique_customers","total_revenue","average_order_value","average_delivery_days","late_delivery_rate_percentage","average_review_score"
"SP",40501,39156,5769703.15,142.46,8.76,5.89,4.25
"RJ",12350,11917,2055401.57,166.43,15.31,13.47,3.97
"MG",11354,11001,1818891.67,160.20,12.01,5.61,4.19
"RS",5345,5168,861472.79,161.17,15.30,7.15,4.19
"PR",4923,4769,781708.80,158.79,11.99,5.00,4.24
"SC",3546,3449,595127.78,167.83,14.95,9.76,4.13
"BA",3256,3158,591137.81,181.55,19.34,14.04,3.93
"DF",2080,2019,346123.35,166.41,12.97,7.07,4.13
"GO",1957,1895,334212.35,170.78,15.61,8.18,4.10
"ES",1995,1928,317657.93,159.23,15.79,12.23,4.08
"PE",1593,1551,308972.05,193.96,18.45,10.80,4.08
"CE",1279,1258,266436.77,208.32,21.27,15.32,3.94
"PA",946,922,212023.57,224.13,23.77,12.37,3.91
"MT",886,856,181224.42,204.54,18.06,6.77,4.15
"MA",717,700,147803.55,206.14,21.57,19.67,3.83
"PB",517,504,137838.55,266.61,20.43,11.03,4.08
"MS",701,681,134367.55,191.68,15.62,11.55,4.16
"PI",476,464,105178.19,220.96,19.46,15.97,3.99
"RN",474,464,100714.78,212.48,19.28,10.76,4.15
"AL",397,387,94172.49,237.21,24.54,23.93,3.85
"SE",335,329,70289.13,209.82,21.52,15.22,3.91
"TO",274,267,60007.37,219.01,17.66,12.77,4.15
"RO",243,231,56966.00,234.43,19.37,2.88,4.17
"AM",145,140,27585.47,190.24,26.43,4.14,4.24
"AC",80,76,19575.33,244.69,21.04,3.75,4.09
"AP",67,66,16141.81,240.92,27.19,4.48,4.24
"RR",41,40,9039.52,220.48,29.39,12.20,3.90
